bits,trials,k,avg_attempts,min_attempts,max_attempts,expected_ln_2_pow_bits,attempts_vs_ln_ratio,avg_elapsed_ms,min_elapsed_ms,max_elapsed_ms
512,1,40,183,183,183,354.891356446692,0.515650766567735,403.5195240012399,403.5195240012399,403.5195240012399
1024,1,40,49,49,49,709.782712893384,0.0690352119175383,1092.3795239996252,1092.3795239996252,1092.3795239996252
2048,1,40,1052,1052,1052,1419.565425786768,0.7410718667066355,44478.17366399977,44478.17366399977,44478.17366399977
