bits,trials,k,avg_attempts,min_attempts,max_attempts,expected_ln_2_pow_bits,attempts_vs_ln_ratio,avg_elapsed_ms,min_elapsed_ms,max_elapsed_ms
512,1,40,79,79,79,354.891356446692,0.22260333638716429,402.6243230000546,402.6243230000546,402.6243230000546
1024,1,40,224,224,224,709.782712893384,0.3155895401944608,2474.019375998978,2474.019375998978,2474.019375998978
2048,1,40,549,549,549,1419.565425786768,0.38673807492580126,27815.199038001083,27815.199038001083,27815.199038001083
