{
  "generated_at_utc": "20260420T133737Z",
  "bit_sizes": [
    32
  ],
  "trials": 1,
  "k": 8,
  "results": [
    {
      "bits": 32,
      "trials": 1,
      "k": 8,
      "avg_attempts": 18,
      "min_attempts": 18,
      "max_attempts": 18,
      "expected_ln_2_pow_bits": 22.18070977791825,
      "attempts_vs_ln_ratio": 0.8115159605000419,
      "avg_elapsed_ms": 1.4861760009807767,
      "min_elapsed_ms": 1.4861760009807767,
      "max_elapsed_ms": 1.4861760009807767
    }
  ]
}